id,email,birthday,sex,regist_day,prefecture,address_1,address_2,address_3,first_name,last_name,phone,zip_code
1,aaaa@aaaa.jp,1990-01-01 09:00:00.000,F,2018-01-01 00:30:30.654,東京都,品川区,東品川1-1-1,アパート1,山田,太郎,090-1111-111,111-1111
2,bbbb@aaaa.jp,1990-01-02 09:00:00.000,M,2018-02-01 00:30:30.655,東京都,品川区,東品川1-1-2,アパート2,山田,二郎,090-1111-112,111-1112
3,cccc@aaaa.jp,1990-01-03 09:00:00.000,F,2018-12-01 00:30:30.656,東京都,品川区,東品川1-1-3,アパート3,山田,三郎,090-1111-113,111-1113
4,dddd@aaaa.jp,1990-01-04 09:00:00.000,M,2019-01-01 00:30:30.657,東京都,品川区,東品川1-1-4,アパート4,山田,四郎,090-1111-114,111-1114
5,eeee@aaaa.jp,1990-01-05 09:00:00.000,F,2018-02-01 00:30:30.658,東京都,品川区,東品川1-1-5,アパート5,山田,五郎,090-1111-115,111-1115
6,ffff@aaaa.jp,1990-01-06 09:00:00.000,M,2018-03-01 00:30:30.659,茨城県,水戸市,千波町1-1,,佐藤,花子,090-1111-116,111-1116
7,gggg@aaaa.jp,1990-01-07 09:00:00.000,F,2018-04-01 00:30:30.660,茨城県,水戸市,千波町1-2,,佐藤,花江,090-1111-117,111-1117
8,hhhh@aaaa.jp,1990-01-08 09:00:00.000,M,2018-05-01 00:30:30.661,茨城県,水戸市,千波町1-3,,佐藤,花見,090-1111-118,111-1118
9,iiii@aaaa.jp,1990-01-09 09:00:00.000,F,2018-06-01 00:30:30.662,茨城県,水戸市,千波町1-4,,佐藤,花木,090-1111-119,111-1119
10,jjjj@aaaa.jp,1990-01-10 09:00:00.000,M,2018-07-01 00:30:30.663,茨城県,水戸市,千波町1-5,,佐藤,花,090-1111-120,111-1120